names,types,tables
SEQN,Respondent sequence number,All 
WTDRD1,Dietary day one sample weight,CBQPFA_E
WTDRD1,Dietary day one sample weight,CBQPFA_F
WTDRD1,Dietary day one sample weight,CBQPFA_J
WTDRD1,Dietary day one sample weight,CBQPFC_E
WTDRD1,Dietary day one sample weight,CBQPFC_F
WTDRD1,Dietary day one sample weight,CBQPFC_J
WTDRD1,Dietary day one sample weight,DR1IFF_C
WTDRD1,Dietary day one sample weight,DR1IFF_D
WTDRD1,Dietary day one sample weight,DR1IFF_E
WTDRD1,Dietary day one sample weight,DR1IFF_F
WTDRD1,Dietary day one sample weight,DR1IFF_G
WTDRD1,Dietary day one sample weight,DR1IFF_H
WTDRD1,Dietary day one sample weight,DR1IFF_I
WTDRD1,Dietary day one sample weight,DR1IFF_J
WTDRD1,Dietary day one sample weight,DR1TOT_C
WTDRD1,Dietary day one sample weight,DR1TOT_D
WTDRD1,Dietary day one sample weight,DR1TOT_E
WTDRD1,Dietary day one sample weight,DR1TOT_F
WTDRD1,Dietary day one sample weight,DR1TOT_G
WTDRD1,Dietary day one sample weight,DR1TOT_H
WTDRD1,Dietary day one sample weight,DR1TOT_I
WTDRD1,Dietary day one sample weight,DR1TOT_J
WTDRD1,Dietary day one sample weight,DR2IFF_C
WTDRD1,Dietary day one sample weight,DR2IFF_D
WTDRD1,Dietary day one sample weight,DR2IFF_E
WTDRD1,Dietary day one sample weight,DR2IFF_F
WTDRD1,Dietary day one sample weight,DR2IFF_G
WTDRD1,Dietary day one sample weight,DR2IFF_H
WTDRD1,Dietary day one sample weight,DR2IFF_I
WTDRD1,Dietary day one sample weight,DR2IFF_J
WTDRD1,Dietary day one sample weight,DR2TOT_C
WTDRD1,Dietary day one sample weight,DR2TOT_D
WTDRD1,Dietary day one sample weight,DR2TOT_E
WTDRD1,Dietary day one sample weight,DR2TOT_F
WTDRD1,Dietary day one sample weight,DR2TOT_G
WTDRD1,Dietary day one sample weight,DR2TOT_H
WTDRD1,Dietary day one sample weight,DR2TOT_I
WTDRD1,Dietary day one sample weight,DR2TOT_J
WTDRD1,Dietary day one sample weight,DRXIFF
WTDRD1,Dietary day one sample weight,DRXIFF_B
WTDRD1,Dietary day one sample weight,DRXTOT
WTDRD1,Dietary day one sample weight,DRXTOT_B
WTDRD1,Dietary day one sample weight,DS1IDS_E
WTDRD1,Dietary day one sample weight,DS1IDS_F
WTDRD1,Dietary day one sample weight,DS1IDS_G
WTDRD1,Dietary day one sample weight,DS1IDS_H
WTDRD1,Dietary day one sample weight,DS1IDS_I
WTDRD1,Dietary day one sample weight,DS1IDS_J
WTDRD1,Dietary day one sample weight,DS1TOT_E
WTDRD1,Dietary day one sample weight,DS1TOT_F
WTDRD1,Dietary day one sample weight,DS1TOT_G
WTDRD1,Dietary day one sample weight,DS1TOT_H
WTDRD1,Dietary day one sample weight,DS1TOT_I
WTDRD1,Dietary day one sample weight,DS1TOT_J
WTDRD1,Dietary day one sample weight,DS2IDS_E
WTDRD1,Dietary day one sample weight,DS2IDS_F
WTDRD1,Dietary day one sample weight,DS2IDS_G
WTDRD1,Dietary day one sample weight,DS2IDS_H
WTDRD1,Dietary day one sample weight,DS2IDS_I
WTDRD1,Dietary day one sample weight,DS2IDS_J
WTDRD1,Dietary day one sample weight,DS2TOT_E
WTDRD1,Dietary day one sample weight,DS2TOT_F
WTDRD1,Dietary day one sample weight,DS2TOT_G
WTDRD1,Dietary day one sample weight,DS2TOT_H
WTDRD1,Dietary day one sample weight,DS2TOT_I
WTDRD1,Dietary day one sample weight,DS2TOT_J
DR1EXMER,Interviewer ID code,DR1IFF_C
DR1EXMER,Interviewer ID code,DR1IFF_D
DR1EXMER,Interviewer ID code,DR1IFF_E
DR1EXMER,Interviewer ID code,DR1IFF_F
DR1EXMER,Interviewer ID code,DR1IFF_G
DR1EXMER,Interviewer ID code,DR1IFF_H
DR1EXMER,Interviewer ID code,DR1IFF_I
DR1EXMER,Interviewer ID code,DR1IFF_J
DR1EXMER,Interviewer ID code,DR1TOT_C
DR1EXMER,Interviewer ID code,DR1TOT_D
DR1EXMER,Interviewer ID code,DR1TOT_E
DR1EXMER,Interviewer ID code,DR1TOT_F
DR1EXMER,Interviewer ID code,DR1TOT_G
DR1EXMER,Interviewer ID code,DR1TOT_H
DR1EXMER,Interviewer ID code,DR1TOT_I
DR1EXMER,Interviewer ID code,DR1TOT_J
DR1EXMER,Interviewer ID code,DS1IDS_E
DR1EXMER,Interviewer ID code,DS1IDS_F
DR1EXMER,Interviewer ID code,DS1IDS_G
DR1EXMER,Interviewer ID code,DS1IDS_H
DR1EXMER,Interviewer ID code,DS1IDS_I
DR1EXMER,Interviewer ID code,DS1IDS_J
DR1EXMER,Interviewer ID code,DS1TOT_E
DR1EXMER,Interviewer ID code,DS1TOT_F
DR1EXMER,Interviewer ID code,DS1TOT_G
DR1EXMER,Interviewer ID code,DS1TOT_H
DR1EXMER,Interviewer ID code,DS1TOT_I
DR1EXMER,Interviewer ID code,DS1TOT_J
WTDR2D,Dietary two-day sample weight,DR1IFF_C
WTDR2D,Dietary two-day sample weight,DR1IFF_D
WTDR2D,Dietary two-day sample weight,DR1IFF_E
WTDR2D,Dietary two-day sample weight,DR1IFF_F
WTDR2D,Dietary two-day sample weight,DR1IFF_G
WTDR2D,Dietary two-day sample weight,DR1IFF_H
WTDR2D,Dietary two-day sample weight,DR1IFF_I
WTDR2D,Dietary two-day sample weight,DR1IFF_J
WTDR2D,Dietary two-day sample weight,DR1TOT_C
WTDR2D,Dietary two-day sample weight,DR1TOT_D
WTDR2D,Dietary two-day sample weight,DR1TOT_E
WTDR2D,Dietary two-day sample weight,DR1TOT_F
WTDR2D,Dietary two-day sample weight,DR1TOT_G
WTDR2D,Dietary two-day sample weight,DR1TOT_H
WTDR2D,Dietary two-day sample weight,DR1TOT_I
WTDR2D,Dietary two-day sample weight,DR1TOT_J
WTDR2D,Dietary two-day sample weight,DR2IFF_C
WTDR2D,Dietary two-day sample weight,DR2IFF_D
WTDR2D,Dietary two-day sample weight,DR2IFF_E
WTDR2D,Dietary two-day sample weight,DR2IFF_F
WTDR2D,Dietary two-day sample weight,DR2IFF_G
WTDR2D,Dietary two-day sample weight,DR2IFF_H
WTDR2D,Dietary two-day sample weight,DR2IFF_I
WTDR2D,Dietary two-day sample weight,DR2IFF_J
WTDR2D,Dietary two-day sample weight,DR2TOT_C
WTDR2D,Dietary two-day sample weight,DR2TOT_D
WTDR2D,Dietary two-day sample weight,DR2TOT_E
WTDR2D,Dietary two-day sample weight,DR2TOT_F
WTDR2D,Dietary two-day sample weight,DR2TOT_G
WTDR2D,Dietary two-day sample weight,DR2TOT_H
WTDR2D,Dietary two-day sample weight,DR2TOT_I
WTDR2D,Dietary two-day sample weight,DR2TOT_J
WTDR2D,Dietary two-day sample weight,DS1IDS_E
WTDR2D,Dietary two-day sample weight,DS1IDS_F
WTDR2D,Dietary two-day sample weight,DS1IDS_G
WTDR2D,Dietary two-day sample weight,DS1IDS_H
WTDR2D,Dietary two-day sample weight,DS1IDS_I
WTDR2D,Dietary two-day sample weight,DS1IDS_J
WTDR2D,Dietary two-day sample weight,DS1TOT_E
WTDR2D,Dietary two-day sample weight,DS1TOT_F
WTDR2D,Dietary two-day sample weight,DS1TOT_G
WTDR2D,Dietary two-day sample weight,DS1TOT_H
WTDR2D,Dietary two-day sample weight,DS1TOT_I
WTDR2D,Dietary two-day sample weight,DS1TOT_J
WTDR2D,Dietary two-day sample weight,DS2IDS_E
WTDR2D,Dietary two-day sample weight,DS2IDS_F
WTDR2D,Dietary two-day sample weight,DS2IDS_G
WTDR2D,Dietary two-day sample weight,DS2IDS_H
WTDR2D,Dietary two-day sample weight,DS2IDS_I
WTDR2D,Dietary two-day sample weight,DS2IDS_J
WTDR2D,Dietary two-day sample weight,DS2TOT_E
WTDR2D,Dietary two-day sample weight,DS2TOT_F
WTDR2D,Dietary two-day sample weight,DS2TOT_G
WTDR2D,Dietary two-day sample weight,DS2TOT_H
WTDR2D,Dietary two-day sample weight,DS2TOT_I
WTDR2D,Dietary two-day sample weight,DS2TOT_J
ACQ005,,ACQ
ACQ015,,ACQ
ACQ005,,ACQ_B
ACQ015,,ACQ_B
ACQ005,,ACQ_C
ACQ015,,ACQ_C
ACQ005,,ACQ_D
ACQ005,,ACQ_E
ACQ005,,ACQ_F
ACQBOX1,,ACQ_G
ACQBOX1,,ACQ_H
ACQBOX1,,ACQ_I
ACQBOX1,,ACQ_J
ALQ154,,ALQ_H
ARQ200,,ARQ_F
ARQ205,,ARQ_F
ARQ230,,ARQ_F
ARQ220,,ARQ_F
ARQ113,,ARQ_F
AUQ135,,AUQ_D
AUQ135,,AUQ_E
AUQ187,,AUQ_E
AUQ135,,AUQ_F
AUQ249,,AUQ_F
AUQ055,,AUQ_G
AUQ137,,AUQ_G
AUQ055,,AUQ_I
AUQ137,,AUQ_I
AUQ390,,AUQ_I
AUQ055,,AUQ_J
AUQ395,,AUQ_J
AUQ435,,AUQ_J
BAQ050,,BAQ_C
BHQ005,,BHQ_D
BHQ005,,BHQ_E
BHQ005,,BHQ_F
BPQ045,,BPQ
BPQ055,,BPQ
BPQ095,,BPQ
BPQ115,,BPQ
BPQ117,,BPQ
BPQ125,,BPQ
BPQ135,,BPQ
BPQ042,,BPQ_B
BPQ045,,BPQ_B
BPQ055,,BPQ_B
BPQ095,,BPQ_B
BPQ115,,BPQ_B
BPQ117,,BPQ_B
BPQ125,,BPQ_B
BPQ135,,BPQ_B
BPQ042,,BPQ_C
BPQ045,,BPQ_C
BPQ055,,BPQ_C
BPQ095,,BPQ_C
BPQ115,,BPQ_C
BPQ117,,BPQ_C
BPQ125,,BPQ_C
BPQ135,,BPQ_C
BPQ055,,BPQ_D
BPQ095,,BPQ_D
BPQ055,,BPQ_E
BPQ095,,BPQ_E
BPQ055,,BPQ_F
BPQ095,,BPQ_F
BPQ055,,BPQ_G
CBD707,,CBQPFA_E
CBD707,,CBQPFA_F
CBD751,,CBQPFA_F
CBQ615,,CBQPFA_J
CBQ920,,CBQPFA_J
CBQ708,,CBQPFA_J
CBQ751,,CBQPFA_J
CBD707,,CBQPFC_E
CBD707,,CBQPFC_F
CBD751,,CBQPFC_F
CBQ920,,CBQPFC_J
CBQ708,,CBQPFC_J
CBQ751,,CBQPFC_J
CDQ003A,,CDQ_C
CDQ003A,,CDQ_D
CDQ003A,,CDQ_E
CDQ003A,,CDQ_F
CDQ003A,,CDQ_G
CDQ003A,,CDQ_H
CDQ003A,,CDQ_I
CDQ003A,,CDQ_J
CIQD020Z,,CIQDEP_B
CIQD021Z,,CIQDEP_B
CIQD037Z,,CIQDEP_B
CIQD050Z,,CIQDEP_B
CIQD051Z,,CIQDEP_B
CIQD054Z,,CIQDEP_B
CIQD055Z,,CIQDEP_B
CIQD064Z,,CIQDEP_B
CIQD071Z,,CIQDEP_B
CIQD075Z,,CIQDEP_B
CIQD085Z,,CIQDEP_B
CIQD096Z,,CIQDEP_B
CIQD099Z,,CIQDEP_B
CIQD100Z,,CIQDEP_B
CIQD103Z,,CIQDEP_B
CIQD106Z,,CIQDEP_B
CIQDPHZZ,,CIQDEP_B
CIQD111Z,,CIQDEP_B
CIQD020Z,,CIQDEP_C
CIQD021Z,,CIQDEP_C
CIQD037Z,,CIQDEP_C
CIQD050Z,,CIQDEP_C
CIQD051Z,,CIQDEP_C
CIQD054Z,,CIQDEP_C
CIQD055Z,,CIQDEP_C
CIQD064Z,,CIQDEP_C
CIQD071Z,,CIQDEP_C
CIQD075Z,,CIQDEP_C
CIQD085Z,,CIQDEP_C
CIQD096Z,,CIQDEP_C
CIQD099Z,,CIQDEP_C
CIQD100Z,,CIQDEP_C
CIQD103Z,,CIQDEP_C
CIQD106Z,,CIQDEP_C
CIQDPHZZ,,CIQDEP_C
CIQD111Z,,CIQDEP_C
CIQGPHZZ,,CIQGAD
CIQG20ZZ,,CIQGAD
CIQG26ZZ,,CIQGAD
CIQG29ZZ,,CIQGAD
CIQG30ZZ,,CIQGAD
CIQG33ZZ,,CIQGAD
CIQG36ZZ,,CIQGAD
CIQGPHZZ,,CIQGAD_B
CIQG20ZZ,,CIQGAD_B
CIQG26ZZ,,CIQGAD_B
CIQG29ZZ,,CIQGAD_B
CIQG30ZZ,,CIQGAD_B
CIQG33ZZ,,CIQGAD_B
CIQG36ZZ,,CIQGAD_B
CIQGPHZZ,,CIQGAD_C
CIQG20ZZ,,CIQGAD_C
CIQG26ZZ,,CIQGAD_C
CIQG29ZZ,,CIQGAD_C
CIQG30ZZ,,CIQGAD_C
CIQG33ZZ,,CIQGAD_C
CIQG36ZZ,,CIQGAD_C
CIQD020Z,,CIQMDEP
CIQD021Z,,CIQMDEP
CIQD037Z,,CIQMDEP
CIQD050Z,,CIQMDEP
CIQD051Z,,CIQMDEP
CIQD054Z,,CIQMDEP
CIQD055Z,,CIQMDEP
CIQD064Z,,CIQMDEP
CIQD071Z,,CIQMDEP
CIQD075Z,,CIQMDEP
CIQD085Z,,CIQMDEP
CIQD096Z,,CIQMDEP
CIQD099Z,,CIQMDEP
CIQD100Z,,CIQMDEP
CIQD103Z,,CIQMDEP
CIQD106Z,,CIQMDEP
CIQDPHZZ,,CIQMDEP
CIQD111Z,,CIQMDEP
CIQP10ZZ,,CIQPAN_B
CIQP13ZZ,,CIQPAN_B
CIQP15ZZ,,CIQPAN_B
CIQP18ZZ,,CIQPAN_B
CIQP21ZZ,,CIQPAN_B
CIQP24ZZ,,CIQPAN_B
CIQP30ZZ,,CIQPAN_B
CIQP32ZZ,,CIQPAN_B
CIQP35ZZ,,CIQPAN_B
CIQP36ZZ,,CIQPAN_B
CIQP39ZZ,,CIQPAN_B
CIQP40ZZ,,CIQPAN_B
CIQP43ZZ,,CIQPAN_B
CIQP48ZZ,,CIQPAN_B
CIQP49ZZ,,CIQPAN_B
CIQP50ZZ,,CIQPAN_B
CIQP53ZZ,,CIQPAN_B
CIQP54ZZ,,CIQPAN_B
CIQP56ZZ,,CIQPAN_B
CIQP60ZZ,,CIQPAN_B
CIQP61ZZ,,CIQPAN_B
CIQP63ZZ,,CIQPAN_B
CIQP64ZZ,,CIQPAN_B
CIQP67ZZ,,CIQPAN_B
CIQP70ZZ,,CIQPAN_B
CIQP10ZZ,,CIQPAN_C
CIQP13ZZ,,CIQPAN_C
CIQP15ZZ,,CIQPAN_C
CIQP18ZZ,,CIQPAN_C
CIQP21ZZ,,CIQPAN_C
CIQP24ZZ,,CIQPAN_C
CIQP30ZZ,,CIQPAN_C
CIQP32ZZ,,CIQPAN_C
CIQP35ZZ,,CIQPAN_C
CIQP36ZZ,,CIQPAN_C
CIQP39ZZ,,CIQPAN_C
CIQP40ZZ,,CIQPAN_C
CIQP43ZZ,,CIQPAN_C
CIQP48ZZ,,CIQPAN_C
CIQP49ZZ,,CIQPAN_C
CIQP50ZZ,,CIQPAN_C
CIQP53ZZ,,CIQPAN_C
CIQP54ZZ,,CIQPAN_C
CIQP56ZZ,,CIQPAN_C
CIQP60ZZ,,CIQPAN_C
CIQP61ZZ,,CIQPAN_C
CIQP63ZZ,,CIQPAN_C
CIQP64ZZ,,CIQPAN_C
CIQP67ZZ,,CIQPAN_C
CIQP70ZZ,,CIQPAN_C
CIQP10ZZ,,CIQPANIC
CIQP13ZZ,,CIQPANIC
CIQP15ZZ,,CIQPANIC
CIQP18ZZ,,CIQPANIC
CIQP21ZZ,,CIQPANIC
CIQP24ZZ,,CIQPANIC
CIQP30ZZ,,CIQPANIC
CIQP32ZZ,,CIQPANIC
CIQP35ZZ,,CIQPANIC
CIQP36ZZ,,CIQPANIC
CIQP39ZZ,,CIQPANIC
CIQP40ZZ,,CIQPANIC
CIQP43ZZ,,CIQPANIC
CIQP48ZZ,,CIQPANIC
CIQP49ZZ,,CIQPANIC
CIQP50ZZ,,CIQPANIC
CIQP53ZZ,,CIQPANIC
CIQP54ZZ,,CIQPANIC
CIQP56ZZ,,CIQPANIC
CIQP60ZZ,,CIQPANIC
CIQP61ZZ,,CIQPANIC
CIQP63ZZ,,CIQPANIC
CIQP64ZZ,,CIQPANIC
CIQP67ZZ,,CIQPANIC
CIQP70ZZ,,CIQPANIC
CSQ050,,CSQ_G
CSQ130,,CSQ_G
CSQ150,,CSQ_G
CSQ050,,CSQ_H
CSQ130,,CSQ_H
CSQ150,,CSQ_H
DBD155,,DB24_K_R
DBD164,,DB24_K_R
DBD170,,DB24_K_R
DBD085,,DBQ
DBD105,,DBQ
DBD225,,DBQ
DBD355,,DBQ
DBD085,,DBQ_B
DBQ101,,DBQ_B
DBD225,,DBQ_B
DBQ265A,,DBQ_B
DBD355,,DBQ_B
DBD085,,DBQ_C
DBD225,,DBQ_C
DBQ265A,,DBQ_C
DBD355,,DBQ_C
DBQ422,,DBQ_C
DBD085,,DBQ_D
DBD225,,DBQ_D
DBD265A,,DBQ_D
DBD355,,DBQ_D
DBQ422,,DBQ_D
DBD709,,DBQ_D
DBQ719,,DBQ_D
DBQ789,,DBQ_D
DBD225,,DBQ_E
DBD265A,,DBQ_E
DBD355,,DBQ_E
DBQ422,,DBQ_E
DBQ715A,,DBQ_E
DBD225,,DBQ_F
DBD265A,,DBQ_F
DBD355,,DBQ_F
DBQ422,,DBQ_F
DBQ715A,,DBQ_F
DBD225,,DBQ_G
DBD355,,DBQ_G
DBQ715A,,DBQ_G
DBD225,,DBQ_H
DBD265A,,DBQ_H
DBD355,,DBQ_H
DBQ422,,DBQ_H
DBQ715A,,DBQ_H
DBD225,,DBQ_I
DBD265A,,DBQ_I
DBD355,,DBQ_I
DBQ422,,DBQ_I
DBQ715A,,DBQ_I
DBD225,,DBQ_J
DBD265A,,DBQ_J
DBD355,,DBQ_J
DBQ422,,DBQ_J
DBQ715A,,DBQ_J
DIQ065,,DIQ
DIQ075,,DIQ
DIQ085,,DIQ
DIQ065,,DIQ_B
DIQ075,,DIQ_B
DIQ085,,DIQ_B
DIQ065,,DIQ_C
DIQ075,,DIQ_C
DIQ085,,DIQ_C
DIQ219,,DIQ_D
DIQ159,,DIQ_D
DID065,,DIQ_D
DID229,,DIQ_D
DIQ295,,DIQ_D
DIQ219,,DIQ_E
DIQ159,,DIQ_E
DID065,,DIQ_E
DID229,,DIQ_E
DIQ295,,DIQ_E
DIQ159,,DIQ_F
DIQ065,,DIQ_F
DIQ229,,DIQ_F
DIQ295,,DIQ_F
DIQ159,,DIQ_G
DIQ065,,DIQ_G
DIQ229,,DIQ_G
DIQ295,,DIQ_G
DIQ159,,DIQ_H
DIQ065,,DIQ_H
DIQ229,,DIQ_H
DIQ295,,DIQ_H
DIQ159,,DIQ_I
DIQ065,,DIQ_I
DIQ229,,DIQ_I
DIQ295,,DIQ_I
DIQ159,,DIQ_J
DIQ065,,DIQ_J
DIQ229,,DIQ_J
DIQ295,,DIQ_J
DLQ090,,DLQ_I
DLQ120,,DLQ_I
DLQ160,,DLQ_I
DLQ090,,DLQ_J
DLQ120,,DLQ_J
DLQ160,,DLQ_J
DPQ001,,DPQ_D
DPQ095,,DPQ_D
DPQ001,,DPQ_E
DPQ095,,DPQ_E
DPQ001,,DPQYTH_D
DPQ095,,DPQYTH_D
DPQ001,,DPQYTH_E
DPQ095,,DPQYTH_E
DTQ305,,DTQ_F
DUQ425,,DUQ_D
DUQ425,,DUQ_E
DUQ425,,DUQ_F
DUQ425,,DUQ_G
DUQ425,,DUQ_H
DUQ426,,DUQ_I
DUQ426,,DUQ_J
DUQ425,,DUQY_F_R
DUQ425,,DUQY_G_R
DUQ425,,DUQY_H_R
DUQ426,,DUQY_I_R
DUQ426,,DUQY_J_R
DUQ425,,DUQYTH_E
ECQ075,,EC24_K_R
ECQ095,,ECQ
ECQ075,,ECQ_B
ECQ075,,ECQ_C
ECQ075,,ECQ_D
ECQ095,,ECQ_D
ECQ115,,ECQ_D
ECQ075,,ECQ_E
ECQ095,,ECQ_E
ECQ115,,ECQ_E
ECQ075,,ECQ_F
ECQ095,,ECQ_F
ECQ075,,ECQ_G
ECQ095,,ECQ_G
ECQ075,,ECQ_H
ECQ095,,ECQ_H
ECQ075,,ECQ_I
ECQ095,,ECQ_I
ECQ075,,ECQ_J
ECQ095,,ECQ_J
FSQBOX1,,FSQ_C
FSQBOX2,,FSQ_C
FSQBOX3,,FSQ_C
FSDBOX4,,FSQ_C
FSQBOX5,,FSQ_C
FSDBOX6,,FSQ_C
FSQBOX1,,FSQ_D
FSQBOX2,,FSQ_D
FSQBOX3,,FSQ_D
FSDBOX4,,FSQ_D
FSQBOX5,,FSQ_D
FSDBOX6,,FSQ_D
FSDBOX7,,FSQ_D
FSQBOX1,,FSQ_E
FSQBOX2,,FSQ_E
FSQBOX3,,FSQ_E
FSQBOX4,,FSQ_E
FSQBOX5,,FSQ_E
FSQBOX6,,FSQ_E
FSQBOX9,,FSQ_E
FSQBOX10,,FSQ_E
FSQBOX11,,FSQ_E
FSQBOX1,,FSQ_E_R
FSQBOX2,,FSQ_E_R
FSQBOX3,,FSQ_E_R
FSQBOX4,,FSQ_E_R
FSQBOX5,,FSQ_E_R
FSQBOX6,,FSQ_E_R
FSQBOX9,,FSQ_E_R
FSQBOX10,,FSQ_E_R
FSQBOX11,,FSQ_E_R
FSQBOX1,,FSQ_F
FSQBOX2,,FSQ_F
FSQBOX3,,FSQ_F
FSQBOX4,,FSQ_F
FSQBOX5,,FSQ_F
FSQBOX6,,FSQ_F
FSQBOX7,,FSQ_F
FSQBOX8,,FSQ_F
FSQBOX9,,FSQ_F
FSQBOX10,,FSQ_F
FSQBOX1,,FSQ_F_R
FSQBOX2,,FSQ_F_R
FSQBOX3,,FSQ_F_R
FSQBOX4,,FSQ_F_R
FSQBOX5,,FSQ_F_R
FSQBOX6,,FSQ_F_R
FSQBOX7,,FSQ_F_R
FSQBOX8,,FSQ_F_R
FSQBOX9,,FSQ_F_R
FSQBOX10,,FSQ_F_R
FSQBOX1,,FSQ_G
FSQBOX2,,FSQ_G
FSQBOX3,,FSQ_G
FSQBOX4,,FSQ_G
FSQBOX5,,FSQ_G
FSQBOX7,,FSQ_G
FSQBOX8,,FSQ_G
FSQBOX9,,FSQ_G
FSQBOX10,,FSQ_G
FSQBOX1,,FSQ_G_R
FSQBOX2,,FSQ_G_R
FSQBOX3,,FSQ_G_R
FSQBOX4,,FSQ_G_R
FSQBOX5,,FSQ_G_R
FSQBOX7,,FSQ_G_R
FSQBOX8,,FSQ_G_R
FSQBOX9,,FSQ_G_R
FSQBOX10,,FSQ_G_R
FSQBOX1,,FSQ_H
FSQBOX2,,FSQ_H
FSQBOX3,,FSQ_H
FSQBOX4,,FSQ_H
FSQBOX5,,FSQ_H
FSQBOX7,,FSQ_H
FSQBOX8,,FSQ_H
FSQBOX9,,FSQ_H
FSQBOX10,,FSQ_H
FSQBOX1,,FSQ_H_R
FSQBOX2,,FSQ_H_R
FSQBOX3,,FSQ_H_R
FSQBOX4,,FSQ_H_R
FSQBOX5,,FSQ_H_R
FSQBOX7,,FSQ_H_R
FSQBOX8,,FSQ_H_R
FSQBOX9,,FSQ_H_R
FSQBOX10,,FSQ_H_R
FSQBOX1,,FSQ_I
FSQBOX2,,FSQ_I
FSQBOX3,,FSQ_I
FSQBOX4,,FSQ_I
FSQBOX5,,FSQ_I
FSQBOX6,,FSQ_I
FSQBOX7,,FSQ_I
FSQBOX8,,FSQ_I
FSQBOX1,,FSQ_I_R
FSQBOX2,,FSQ_I_R
FSQBOX3,,FSQ_I_R
FSQBOX4,,FSQ_I_R
FSQBOX5,,FSQ_I_R
FSQBOX6,,FSQ_I_R
FSQBOX7,,FSQ_I_R
FSQBOX8,,FSQ_I_R
FSQBOX1,,FSQ_J
FSQBOX2,,FSQ_J
FSQBOX3,,FSQ_J
FSQBOX4,,FSQ_J
FSQBOX5,,FSQ_J
FSQBOX6,,FSQ_J
FSQBOX7,,FSQ_J
FSQBOX8,,FSQ_J
FSQBOX1,,FSQ_J_R
FSQBOX2,,FSQ_J_R
FSQBOX3,,FSQ_J_R
FSQBOX4,,FSQ_J_R
FSQBOX5,,FSQ_J_R
FSQBOX6,,FSQ_J_R
FSQBOX7,,FSQ_J_R
FSQBOX8,,FSQ_J_R
HIQ065,,HIQ_E
HIQ259,,HIQ_E
HIQ269,,HIQ_E
HIQ065,,HIQ_F
HIQ259,,HIQ_F
HIQ269,,HIQ_F
HIQ065,,HIQ_G
HIQ259,,HIQ_G
HIQ269,,HIQ_G
HIQ065,,HIQ_H
HIQ259,,HIQ_H
HIQ269,,HIQ_H
HIQ065,,HIQ_I
HIQ259,,HIQ_I
HIQ269,,HIQ_I
HIQ065,,HIQ_J
HIQ259,,HIQ_J
HIQ269,,HIQ_J
HUQ081,,HUQ_B
HUQ089,,HUQ_B
HUQ081,,HUQ_C
HUQ089,,HUQ_C
HUQ015,,HUQ_D
HUQ085,,HUQ_D
HUQ015,,HUQ_E
HUQ085,,HUQ_E
HUQ015,,HUQ_F
HUQ085,,HUQ_F
HUQ015,,HUQ_G
HUQ085,,HUQ_G
HUQ015,,HUQ_H
HUQ085,,HUQ_H
HUQ015,,HUQ_I
HUQ085,,HUQ_I
HUQ015,,HUQ_J
HUQ085,,HUQ_J
IMQ005,,IMQ_D
IMQ005,,IMQ_E
IMQ005,,IMQ_F
IMQ035,,IMQ_F
IMQ050,,IMQ_H
IMQ050,,IMQ_I
IMQ050,,IMQ_J
INQBOX1,,INQ_E
INQBOX1,,INQ_F
INQBOX1,,INQ_G
INQBOX1,,INQ_H
KIQBOX1,,KIQ_P_D
KIQBOX2,,KIQ_P_D
KIQBOX3,,KIQ_P_D
KIQBOX1,,KIQ_P_E
KIQBOX2,,KIQ_P_E
KIQBOX3,,KIQ_P_E
KIQ048,,KIQ_U_B
KIQ048,,KIQ_U_C
KIQ048A,,KIQ_U_D
KIQ048A,,KIQ_U_E
KIQ048A,,KIQ_U_F
KIQ048A,,KIQ_U_G
KIQ048A,,KIQ_U_H
KIQ048A,,KIQ_U_I
KIQ048A,,KIQ_U_J
MCQ515,,MCQ_J
OCQ200,,OCQ_E
OCQ500,,OCQ_E
OCQ200,,OCQ_F
OCQ500,,OCQ_F
OCQ200,,OCQ_G
OCQ500,,OCQ_G
OCQ200,,OCQ_H
OHQ035,,OHQ
OHQ037,,OHQ
OHQ075,,OHQ
OHQ035,,OHQ_B
OHQ037,,OHQ_B
OHQ075,,OHQ_B
OHQ075B,,OHQ_C
OHQ600,,OHQ_C
OHQ755,,OHQ_C
OHQ605,,OHQ_G
OHQ616,,OHQ_G
OHQ847,,OHQ_G
OHQ890,,OHQ_G
OHQ550,,OHQ_H
OHQ592,,OHQ_H
OHQ616,,OHQ_H
OHQ846,,OHQ_H
OHQ890,,OHQ_H
OHQ550,,OHQ_I
OHQ592,,OHQ_I
OHQ616,,OHQ_I
OHQ846,,OHQ_I
OHQ550,,OHQ_J
OHQ592,,OHQ_J
OHQ616,,OHQ_J
OHQ846,,OHQ_J
OSQ025,,OSQ
OSQ045,,OSQ
OSQ025,,OSQ_B
OSQ045AA,,OSQ_B
OSQ045BA,,OSQ_B
OSQ045CA,,OSQ_B
OSQ025,,OSQ_C
OSQ045,,OSQ_C
OSQ025,,OSQ_D
OSQ045,,OSQ_D
OSQ129,,OSQ_D
OSQ025,,OSQ_E
OSQ045,,OSQ_E
OSQ129,,OSQ_E
OSQ025,,OSQ_F
OSQ045,,OSQ_F
OSQ129,,OSQ_F
OSQ025,,OSQ_H
OSQ045,,OSQ_H
OSQ129,,OSQ_H
OSQ025,,OSQ_J
OSQ129,,OSQ_J
ACQBOX1,,P_ACQ
ALQ170CK,,P_ALQ
AUQ055,,P_AUQ
AUQ395,,P_AUQ
AUQ435,,P_AUQ
CBQ615,,P_CBQPFA
CBQ920,,P_CBQPFA
CBQ708,,P_CBQPFA
CBQ751,,P_CBQPFA
CBQ920,,P_CBQPFC
CBQ708,,P_CBQPFC
CBQ751,,P_CBQPFC
CDQ003A,,P_CDQ
DBD225,,P_DBQ
DBD265A,,P_DBQ
DBD355,,P_DBQ
DBQ422,,P_DBQ
DBQ715A,,P_DBQ
DIQ159,,P_DIQ
DIQ065,,P_DIQ
DIQ229,,P_DIQ
DIQ295,,P_DIQ
ECQ075,,P_ECQ
ECQ095,,P_ECQ
FSQBOX6,,P_FSQ
FSQBOX7,,P_FSQ
FSQBOX8,,P_FSQ
FSQBOX1,,P_FSQ_R
FSQBOX2,,P_FSQ_R
FSQBOX3,,P_FSQ_R
FSQBOX4,,P_FSQ_R
FSQBOX5,,P_FSQ_R
FSQBOX6,,P_FSQ_R
FSQBOX7,,P_FSQ_R
FSQBOX8,,P_FSQ_R
HID259,,P_HIQ
HIQ269,,P_HIQ
HUQ085,,P_HUQ
IMQ050,,P_IMQ
KIQ048A,,P_KIQ_U
MCQ145,,P_MCQ
MCQ515,,P_MCQ
OCQ200,,P_OCQ
OHQ550,,P_OHQ
OHQ592,,P_OHQ
OHQ846,,P_OHQ
OSQ025,,P_OSQ
OSQ129,,P_OSQ
SMQ864,,P_SMQSHS
SXD003B,,P_SXQ_R
SXD862M,,P_SXQ_R
SXD762F,,P_SXQ_R
SXD701F,,P_SXQ_R
SXD815M,,P_SXQ_R
SXD821M,,P_SXQ_R
SXD830M,,P_SXQ_R
SXD768F,,P_SXQ_R
SXD833M,,P_SXQ_R
SXD730F,,P_SXQ_R
SXQ875M,,P_SXQ_R
SXQ839M,,P_SXQ_R
SXD847M,,P_SXQ_R
SXD850B,,P_SXQ_R
SXD844M,,P_SXQ_R
SXD744F,,P_SXQ_R
SXD859M,,P_SXQ_R
SXD759F,,P_SXQ_R
SXD245M,,P_SXQ_R
SXD246F,,P_SXQ_R
SXD004B,,P_SXQ_R
SXD715F,,P_SXQ_R
SXD721F,,P_SXQ_R
SXD733F,,P_SXQ_R
SXD005B,,P_SXQ_R
SXD003B,,P_SXQY_R
SXD862M,,P_SXQY_R
SXD762F,,P_SXQY_R
SXD701F,,P_SXQY_R
SXD821M,,P_SXQY_R
SXD830M,,P_SXQY_R
SXD768F,,P_SXQY_R
SXD833M,,P_SXQY_R
SXD730F,,P_SXQY_R
SXQ839M,,P_SXQY_R
SXD847M,,P_SXQY_R
SXD844M,,P_SXQY_R
SXD744F,,P_SXQY_R
SXD859M,,P_SXQY_R
SXD759F,,P_SXQY_R
SXD245M,,P_SXQY_R
SXD246F,,P_SXQY_R
SXD004B,,P_SXQY_R
SXD721F,,P_SXQY_R
SXD733F,,P_SXQY_R
SXD005B,,P_SXQY_R
WHQ055,,P_WHQ
WHQ105,,P_WHQ
WHQ115A,,P_WHQ
WHQ125,,P_WHQ
PFQ035,,PFQ
PFQ058,,PFQ
PFQ059A,,PFQ
PFQ066,,PFQ
PFD036,,PFQ_B
PFQ058,,PFQ_B
PFQ059A,,PFQ_B
PFQ066,,PFQ_B
PFQ035A,,PFQ_C
PFQ058,,PFQ_C
PFQ059A,,PFQ_C
PFQ066A,,PFQ_C
PFQ035A,,PFQ_D
PFQ058,,PFQ_D
PFQ059A,,PFQ_D
PFQ066A,,PFQ_D
PFQ035A,,PFQ_E
PFQ058,,PFQ_E
PFQ059A,,PFQ_E
PFQ066A,,PFQ_E
PFQ035A,,PFQ_F
PFQ058,,PFQ_F
PFQ059A,,PFQ_F
PFQ066A,,PFQ_F
PFQ035A,,PFQ_G
PFQ058,,PFQ_G
PFQ059A,,PFQ_G
PFQ066A,,PFQ_G
PFQ032,,PFQ_H
PFQ035A,,PFQ_H
PFQ058,,PFQ_H
PFQ059A,,PFQ_H
PFQ066A,,PFQ_H
PFQ032,,PFQ_I
PFQ035A,,PFQ_I
PFQ058,,PFQ_I
PFQ059A,,PFQ_I
PFQ066A,,PFQ_I
PFQ032,,PFQ_J
PFQ035A,,PFQ_J
PFQ058,,PFQ_J
PFQ059A,,PFQ_J
PFQ066A,,PFQ_J
RDQ105,,RDQ
RDQ005A,,RDQ_B
RDQ105,,RDQ_B
RDQ005A,,RDQ_C
RDQ136,,RDQ_C
RDQ005A,,RDQ_D
RDQ136,,RDQ_D
RDQ005A,,RDQ_E
RDQ136,,RDQ_E
RDQ005A,,RDQ_F
RDQ136,,RDQ_F
RDQ005A,,RDQ_G
RDQ136,,RDQ_G
RHQ015,,RHQ
RHQ065,,RHQ
RHQ075,,RHQ
RHQ085,,RHQ
RHQ125,,RHQ
RHQ135,,RHQ
RHQ165,,RHQ
RHQ175,,RHQ
RHQ195,,RHQ
RHQ215,,RHQ
RHQ235,,RHQ
RHQ245,,RHQ
RHQ275,,RHQ
RHQ335,,RHQ
RHQ345,,RHQ
RHQ355,,RHQ
RHQ435,,RHQ
RHQ465,,RHQ
RHQ535,,RHQ
RHQ552,,RHQ
RHQ578,,RHQ
RHQ015,,RHQ_B
RHQ065,,RHQ_B
RHQ075,,RHQ_B
RHQ085,,RHQ_B
RHQ125,,RHQ_B
RHQ135,,RHQ_B
RHQ165,,RHQ_B
RHQ175,,RHQ_B
RHQ195,,RHQ_B
RHQ215,,RHQ_B
RHQ235,,RHQ_B
RHQ245,,RHQ_B
RHQ275,,RHQ_B
RHQ335,,RHQ_B
RHQ345,,RHQ_B
RHQ355,,RHQ_B
RHQ435,,RHQ_B
RHQ465,,RHQ_B
RHQ535,,RHQ_B
RHQ552,,RHQ_B
RHQ578,,RHQ_B
RHQ015,,RHQ_C
RHQ065,,RHQ_C
RHQ075A,,RHQ_C
RHQ135C,,RHQ_C
RHQ165,,RHQ_C
RHQ175,,RHQ_C
RHQ195,,RHQ_C
RHQ245,,RHQ_C
RHQ275A,,RHQ_C
RHQ335,,RHQ_C
RHQ355,,RHQ_C
RHQ435B,,RHQ_C
RHQ535,,RHQ_C
RHQ552,,RHQ_C
RHQ578,,RHQ_C
RHQ015,,RHQ_D
RHQ065,,RHQ_D
RHQ075A,,RHQ_D
RHQ135C,,RHQ_D
RHQ165,,RHQ_D
RHQ175,,RHQ_D
RHQ195,,RHQ_D
RHQ245,,RHQ_D
RHQ275A,,RHQ_D
RHQ335,,RHQ_D
RHQ355,,RHQ_D
RHQ435B,,RHQ_D
RHQ535,,RHQ_D
RHQ552,,RHQ_D
RHQ578,,RHQ_D
RHQ015,,RHQ_E
RHQ065,,RHQ_E
RHQ135C,,RHQ_E
RHQ165,,RHQ_E
RHQ168,,RHQ_E
RHQ170A,,RHQ_E
RHQ175,,RHQ_E
RHQ176,,RHQ_E
RHQ195,,RHQ_E
RHQ275A,,RHQ_E
RHQ435B,,RHQ_E
RHQ519,,RHQ_E
RHQ535,,RHQ_E
RHQ552,,RHQ_E
RHQ578,,RHQ_E
RHQ015,,RHQ_E_R
RHQ065,,RHQ_E_R
RHQ075A,,RHQ_E_R
RHQ135C,,RHQ_E_R
RHQ165,,RHQ_E_R
RHQ168,,RHQ_E_R
RHQ170A,,RHQ_E_R
RHQ175,,RHQ_E_R
RHQ176,,RHQ_E_R
RHQ195,,RHQ_E_R
RHQ275A,,RHQ_E_R
RHQ435B,,RHQ_E_R
RHQ519,,RHQ_E_R
RHQ535,,RHQ_E_R
RHQ552,,RHQ_E_R
RHQ578,,RHQ_E_R
RHQ015,,RHQ_F
RHQ065,,RHQ_F
RHQ135C,,RHQ_F
RHQ165,,RHQ_F
RHQ168,,RHQ_F
RHQ170A,,RHQ_F
RHQ175,,RHQ_F
RHQ176,,RHQ_F
RHQ195,,RHQ_F
RHQ275A,,RHQ_F
RHQ435B,,RHQ_F
RHQ519,,RHQ_F
RHQ535,,RHQ_F
RHQ552,,RHQ_F
RHQ578,,RHQ_F
RHQ015,,RHQ_F_R
RHQ065,,RHQ_F_R
RHQ075A,,RHQ_F_R
RHQ135C,,RHQ_F_R
RHQ165,,RHQ_F_R
RHQ168,,RHQ_F_R
RHQ170A,,RHQ_F_R
RHQ175,,RHQ_F_R
RHQ176,,RHQ_F_R
RHQ195,,RHQ_F_R
RHQ275A,,RHQ_F_R
RHQ435B,,RHQ_F_R
RHQ519,,RHQ_F_R
RHQ535,,RHQ_F_R
RHQ552,,RHQ_F_R
RHQ578,,RHQ_F_R
RHQ015,,RHQ_G
RHQ065,,RHQ_G
RHQ135C,,RHQ_G
RHQ165,,RHQ_G
RHQ168,,RHQ_G
RHQ170A,,RHQ_G
RHQ175,,RHQ_G
RHQ176,,RHQ_G
RHQ195,,RHQ_G
RHQ275A,,RHQ_G
RHQ435B,,RHQ_G
RHQ519,,RHQ_G
RHQ535,,RHQ_G
RHQ552,,RHQ_G
RHQ578,,RHQ_G
RHQ015,,RHQ_G_R
RHQ065,,RHQ_G_R
RHQ075A,,RHQ_G_R
RHQ135C,,RHQ_G_R
RHQ165,,RHQ_G_R
RHQ168,,RHQ_G_R
RHQ170A,,RHQ_G_R
RHQ175,,RHQ_G_R
RHQ176,,RHQ_G_R
RHQ195,,RHQ_G_R
RHQ275A,,RHQ_G_R
RHQ435B,,RHQ_G_R
RHQ519,,RHQ_G_R
RHQ535,,RHQ_G_R
RHQ552,,RHQ_G_R
RHQ578,,RHQ_G_R
SMQ053,,SMQ
SMQ053,,SMQ_B
SMQ053,,SMQ_C
SMQ662,,SMQMEC_B
SMQ700,,SMQMEC_B
SMQ662,,SMQMEC_C
SMQ700,,SMQMEC_C
SMQ700,,SMQRTU_D
SMQ700,,SMQRTU_E
SMQ700,,SMQRTU_F
SMQ700,,SMQRTU_G
SMQ864,,SMQSHS_H
SMQ864,,SMQSHS_I
SMQ864,,SMQSHS_J
SXD230,,SXQ_B
SXD230,,SXQ_C
SXQ110,,SXQ_D
SXQ390,,SXQ_D
SXQ210,,SXQ_D
SXQ230,,SXQ_D
SXQ460,,SXQ_D
SXQ480,,SXQ_D
SXQ500,,SXQ_D
SXQ520,,SXQ_D
SXQ540,,SXQ_D
SXQ560,,SXQ_D
SXQ580,,SXQ_D
SXQ245,,SXQ_D
SXQ110,,SXQ_E
SXQ390,,SXQ_E
SXQ210,,SXQ_E
SXQ230,,SXQ_E
SXQ460,,SXQ_E
SXQ480,,SXQ_E
SXQ500,,SXQ_E
SXQ520,,SXQ_E
SXQ540,,SXQ_E
SXQ560,,SXQ_E
SXQ580,,SXQ_E
SXQ245,,SXQ_E
SXD862,,SXQ_F
SXQ762,,SXQ_F
SXD801,,SXQ_F
SXD815,,SXQ_F
SXQ821,,SXQ_F
SXQ830,,SXQ_F
SXQ868,,SXQ_F
SXQ833,,SXQ_F
SXQ875,,SXQ_F
SXQ839,,SXQ_F
SXD847,,SXQ_F
SXQ850,,SXQ_F
SXQ765,,SXQ_F
SXQ865,,SXQ_F
SXD844,,SXQ_F
SXD744,,SXQ_F
SXQ845,,SXQ_F
SXD871,,SXQ_F
SXQ859,,SXQ_F
SXD245,,SXQ_F
SXD856,,SXQ_F
SXD001,,SXQ_F
SXD002,,SXQ_F
SXD715,,SXQ_F
SXQ721,,SXQ_F
SXQ730,,SXQ_F
SXD733,,SXQ_F
SXQ768,,SXQ_F
SXQ747,,SXQ_F
SXD771,,SXQ_F
SXQ759,,SXQ_F
SXD750,,SXQ_F
SXQ756,,SXQ_F
SXD862,,SXQ_G
SXQ762,,SXQ_G
SXD801,,SXQ_G
SXD815,,SXQ_G
SXQ821,,SXQ_G
SXQ830,,SXQ_G
SXQ868,,SXQ_G
SXQ833,,SXQ_G
SXQ875,,SXQ_G
SXQ839,,SXQ_G
SXD847,,SXQ_G
SXQ850,,SXQ_G
SXQ765,,SXQ_G
SXQ865,,SXQ_G
SXD844,,SXQ_G
SXD744,,SXQ_G
SXQ845,,SXQ_G
SXD871,,SXQ_G
SXQ859,,SXQ_G
SXD245,,SXQ_G
SXD856,,SXQ_G
SXD001,,SXQ_G
SXD002,,SXQ_G
SXD715,,SXQ_G
SXQ721,,SXQ_G
SXQ730,,SXQ_G
SXD733,,SXQ_G
SXQ768,,SXQ_G
SXQ747,,SXQ_G
SXD771,,SXQ_G
SXQ759,,SXQ_G
SXD750,,SXQ_G
SXQ756,,SXQ_G
SXD862,,SXQ_H
SXQ762,,SXQ_H
SXD801,,SXQ_H
SXD815,,SXQ_H
SXQ821,,SXQ_H
SXQ830,,SXQ_H
SXQ868,,SXQ_H
SXQ833,,SXQ_H
SXQ875,,SXQ_H
SXQ839,,SXQ_H
SXD847,,SXQ_H
SXQ850,,SXQ_H
SXQ765,,SXQ_H
SXQ865,,SXQ_H
SXD844,,SXQ_H
SXD744,,SXQ_H
SXQ845,,SXQ_H
SXD871,,SXQ_H
SXQ859,,SXQ_H
SXD245,,SXQ_H
SXD856,,SXQ_H
SXD001,,SXQ_H
SXD002,,SXQ_H
SXD715,,SXQ_H
SXQ721,,SXQ_H
SXQ730,,SXQ_H
SXD733,,SXQ_H
SXQ768,,SXQ_H
SXQ747,,SXQ_H
SXD771,,SXQ_H
SXQ759,,SXQ_H
SXD750,,SXQ_H
SXQ756,,SXQ_H
SXD862,,SXQ_I
SXQ762,,SXQ_I
SXD801,,SXQ_I
SXD815,,SXQ_I
SXQ821,,SXQ_I
SXQ830,,SXQ_I
SXQ868,,SXQ_I
SXQ833,,SXQ_I
SXQ875,,SXQ_I
SXQ839,,SXQ_I
SXD847,,SXQ_I
SXQ850,,SXQ_I
SXQ765,,SXQ_I
SXQ865,,SXQ_I
SXD844,,SXQ_I
SXD744,,SXQ_I
SXQ845,,SXQ_I
SXD871,,SXQ_I
SXQ859,,SXQ_I
SXD245,,SXQ_I
SXD856,,SXQ_I
SXD001,,SXQ_I
SXD002,,SXQ_I
SXD715,,SXQ_I
SXQ721,,SXQ_I
SXQ730,,SXQ_I
SXD733,,SXQ_I
SXQ768,,SXQ_I
SXQ747,,SXQ_I
SXD771,,SXQ_I
SXQ759,,SXQ_I
SXD750,,SXQ_I
SXD003B,,SXQ_J_R
SXD862M,,SXQ_J_R
SXD762F,,SXQ_J_R
SXD701F,,SXQ_J_R
SXD815M,,SXQ_J_R
SXD821M,,SXQ_J_R
SXD830M,,SXQ_J_R
SXD868M,,SXQ_J_R
SXD768F,,SXQ_J_R
SXD833M,,SXQ_J_R
SXD730F,,SXQ_J_R
SXQ875M,,SXQ_J_R
SXQ839M,,SXQ_J_R
SXD847M,,SXQ_J_R
SXD850B,,SXQ_J_R
SXD865M,,SXQ_J_R
SXD765F,,SXQ_J_R
SXD844M,,SXQ_J_R
SXD744F,,SXQ_J_R
SXD859M,,SXQ_J_R
SXD759F,,SXQ_J_R
SXD245M,,SXQ_J_R
SXD246F,,SXQ_J_R
SXD856M,,SXQ_J_R
SXD750F,,SXQ_J_R
SXD004B,,SXQ_J_R
SXD715F,,SXQ_J_R
SXD721F,,SXQ_J_R
SXD733F,,SXQ_J_R
SXD005B,,SXQ_J_R
SXD003B,,SXQY_J_R
SXD862M,,SXQY_J_R
SXD762F,,SXQY_J_R
SXD701F,,SXQY_J_R
SXD821M,,SXQY_J_R
SXD830M,,SXQY_J_R
SXD868M,,SXQY_J_R
SXD768F,,SXQY_J_R
SXD833M,,SXQY_J_R
SXD730F,,SXQY_J_R
SXQ839M,,SXQY_J_R
SXD847M,,SXQY_J_R
SXD865M,,SXQY_J_R
SXD765F,,SXQY_J_R
SXD844M,,SXQY_J_R
SXD744F,,SXQY_J_R
SXD859M,,SXQY_J_R
SXD759F,,SXQY_J_R
SXD245M,,SXQY_J_R
SXD246F,,SXQY_J_R
SXD004B,,SXQY_J_R
SXD721F,,SXQY_J_R
SXD733F,,SXQY_J_R
SXD005B,,SXQY_J_R
SXD035,,SXQYTH
SXQ060,,SXQYTH
SXD230,,SXQYTH
SXQ275,,SXQYTH
SXD230,,SXQYTH_B
SXQ275,,SXQYTH_B
SXD230,,SXQYTH_C
SXQ275,,SXQYTH_C
SXQ110,,SXQYTH_D
SXQ390,,SXQYTH_D
SXQ210,,SXQYTH_D
SXQ230,,SXQYTH_D
SXQ460,,SXQYTH_D
SXQ480,,SXQYTH_D
SXQ500,,SXQYTH_D
SXQ520,,SXQYTH_D
SXQ540,,SXQYTH_D
SXQ560,,SXQYTH_D
SXQ580,,SXQYTH_D
SXQ245,,SXQYTH_D
SXQ110,,SXQYTH_E
SXQ390,,SXQYTH_E
SXQ210,,SXQYTH_E
SXQ230,,SXQYTH_E
SXQ460,,SXQYTH_E
SXQ480,,SXQYTH_E
SXQ500,,SXQYTH_E
SXQ520,,SXQYTH_E
SXQ540,,SXQYTH_E
SXQ560,,SXQYTH_E
SXQ580,,SXQYTH_E
SXQ245,,SXQYTH_E
TBQ016,,TBQ_G
TBQ023,,TBQ_G
TBQ026,,TBQ_G
TBQ029,,TBQ_G
WHQ055,,WHQ_D
WHQ185,,WHQ_D
WHQ105,,WHQ_D
WHQ115A,,WHQ_D
WHQ125,,WHQ_D
WHQ055,,WHQ_E
WHQ185,,WHQ_E
WHQ105,,WHQ_E
WHQ115A,,WHQ_E
WHQ125,,WHQ_E
WHQ055,,WHQ_F
WHQ185,,WHQ_F
WHQ105,,WHQ_F
WHQ115A,,WHQ_F
WHQ125,,WHQ_F
WHQ055,,WHQ_G
WHQ185,,WHQ_G
WHQ105,,WHQ_G
WHQ115A,,WHQ_G
WHQ125,,WHQ_G
WHQ055,,WHQ_H
WHQ105,,WHQ_H
WHQ115A,,WHQ_H
WHQ125,,WHQ_H
WHQ055,,WHQ_I
WHQ105,,WHQ_I
WHQ115A,,WHQ_I
WHQ125,,WHQ_I
WHQ055,,WHQ_J
WHQ105,,WHQ_J
WHQ115A,,WHQ_J
WHQ125,,WHQ_J
YDAACA,,YDQA
YDAACB,,YDQA
YDAACC,,YDQA
YDAACD,,YDQA
YDAACE,,YDQA
YDAACF,,YDQA
YDAACG,,YDQA
YDAACH,,YDQA
YDAACI,,YDQA
YDAACJ,,YDQA
YDAACK,,YDQA
YDAC1C,,YDQC
YDAC2C,,YDQC
YDAC3C,,YDQC
YDACAC,,YDQC
YDACBC,,YDQC
YDACCC,,YDQC
YDACDC,,YDQC
YDACEC,,YDQC
YDACFC,,YDQC
YDACGC,,YDQC
YDACHC,,YDQC
YDACIC,,YDQC
YDACJC,,YDQC
YDACKC,,YDQC
YDACLC,,YDQC
YDACOC,,YDQC
YDACPC,,YDQC
YDACQC,,YDQC
YDACRC,,YDQC
YDAD1C,,YDQD
YDAD2C,,YDQD
YDAD3C,,YDQD
YDAD4C,,YDQD
YDAD5C,,YDQD
YDAD6C,,YDQD
YDAD7C1,,YDQD
YDAD7C,,YDQD
YDAD8C1,,YDQD
YDAD8C,,YDQD
YDAD9C,,YDQD
YDAD1CA,,YDQD
YDAD2CA,,YDQD
YDAD3CA,,YDQD
YDAD4CA,,YDQD
YDAD5CA,,YDQD
YDAD6CA,,YDQD
YDAD7CA,,YDQD
YDAD8CA,,YDQD
YDAD9CA,,YDQD
YDAD1CB,,YDQD
YDADAC,,YDQD
YDADBC,,YDQD
YDADCC,,YDQD
YDADDC,,YDQD
YDADEC,,YDQD
YDADFC,,YDQD
YDADGC,,YDQD
YDADHC,,YDQD
YDADIC,,YDQD
YDADJC,,YDQD
YDADKC,,YDQD
YDADLC,,YDQD
YDAEC1,,YDQE
YDAECB,,YDQE
YDAEC2,,YDQE
YDAEC3,,YDQE
YDAEC4,,YDQE
YDAEC5,,YDQE
YDAEC6,,YDQE
YDAEC7,,YDQE
YDAECC,,YDQE
YDAECE,,YDQE
YDAECG,,YDQE
YDAECH,,YDQE
YDAECI,,YDQE
YDAECJ,,YDQE
YDAECK,,YDQE
YDAECM,,YDQE
YDALAC,,YDQL
YDALBC,,YDQL
YDALCC,,YDQL
YDALDC,,YDQL
YDALEC,,YDQL
YDALFC,,YDQL
YDALGC,,YDQL
YDALHC,,YDQL